Thread,AOS_CV,SOA_CV
2,8.79545,8.32963
4,7.21799,1.1343
8,1.30944,1.26974
16,3.05058,3.21316
32,10.0932,8.51411
64,13.1669,18.2973
